<TextureAtlas imagePath="onlyObjects_default.png">
	<SubTexture name="barrelBlack_side.png" x="323" y="150" width="20" height="28"/>
	<SubTexture name="barrelBlack_top.png" x="299" y="150" width="24" height="24"/>
	<SubTexture name="barrelGreen_side.png" x="324" y="359" width="20" height="28"/>
	<SubTexture name="barrelGreen_top.png" x="300" y="366" width="24" height="24"/>
	<SubTexture name="barrelRed_side.png" x="324" y="206" width="20" height="28"/>
	<SubTexture name="barrelRed_top.png" x="300" y="342" width="24" height="24"/>
	<SubTexture name="barrelRust_side.png" x="324" y="178" width="20" height="28"/>
	<SubTexture name="barrelRust_top.png" x="300" y="318" width="24" height="24"/>
	<SubTexture name="barricadeMetal.png" x="296" y="184" width="28" height="28"/>
	<SubTexture name="barricadeWood.png" x="298" y="72" width="28" height="28"/>
	<SubTexture name="bulletBlue1.png" x="194" y="46" width="4" height="10"/>
	<SubTexture name="bulletBlue1_outline.png" x="181" y="106" width="8" height="14"/>
	<SubTexture name="bulletBlue2.png" x="173" y="106" width="8" height="12"/>
	<SubTexture name="bulletBlue2_outline.png" x="136" y="310" width="12" height="16"/>
	<SubTexture name="bulletBlue3.png" x="201" y="106" width="4" height="14"/>
	<SubTexture name="bulletBlue3_outline.png" x="370" y="188" width="8" height="18"/>
	<SubTexture name="bulletDark1.png" x="189" y="106" width="4" height="10"/>
	<SubTexture name="bulletDark1_outline.png" x="80" y="176" width="8" height="14"/>
	<SubTexture name="bulletDark2.png" x="370" y="104" width="8" height="12"/>
	<SubTexture name="bulletDark2_outline.png" x="148" y="310" width="12" height="16"/>
	<SubTexture name="bulletDark3.png" x="197" y="106" width="4" height="14"/>
	<SubTexture name="bulletDark3_outline.png" x="370" y="86" width="8" height="18"/>
	<SubTexture name="bulletGreen1.png" x="190" y="46" width="4" height="10"/>
	<SubTexture name="bulletGreen1_outline.png" x="310" y="22" width="8" height="14"/>
	<SubTexture name="bulletGreen2.png" x="112" y="176" width="8" height="12"/>
	<SubTexture name="bulletGreen2_outline.png" x="124" y="310" width="12" height="16"/>
	<SubTexture name="bulletGreen3.png" x="186" y="46" width="4" height="14"/>
	<SubTexture name="bulletGreen3_outline.png" x="370" y="224" width="8" height="18"/>
	<SubTexture name="bulletRed1.png" x="120" y="244" width="4" height="10"/>
	<SubTexture name="bulletRed1_outline.png" x="96" y="176" width="8" height="14"/>
	<SubTexture name="bulletRed2.png" x="88" y="176" width="8" height="12"/>
	<SubTexture name="bulletRed2_outline.png" x="160" y="310" width="12" height="16"/>
	<SubTexture name="bulletRed3.png" x="182" y="46" width="4" height="14"/>
	<SubTexture name="bulletRed3_outline.png" x="206" y="272" width="8" height="18"/>
	<SubTexture name="bulletSand1.png" x="198" y="46" width="4" height="10"/>
	<SubTexture name="bulletSand1_outline.png" x="72" y="176" width="8" height="14"/>
	<SubTexture name="bulletSand2.png" x="64" y="176" width="8" height="12"/>
	<SubTexture name="bulletSand2_outline.png" x="359" y="142" width="12" height="16"/>
	<SubTexture name="bulletSand3.png" x="193" y="106" width="4" height="14"/>
	<SubTexture name="bulletSand3_outline.png" x="370" y="206" width="8" height="18"/>
	<SubTexture name="crateMetal.png" x="298" y="100" width="28" height="28"/>
	<SubTexture name="crateMetal_side.png" x="298" y="240" width="28" height="28"/>
	<SubTexture name="crateWood.png" x="296" y="212" width="28" height="28"/>
	<SubTexture name="crateWood_side.png" x="298" y="268" width="28" height="28"/>
	<SubTexture name="explosion1.png" x="0" y="326" width="60" height="60"/>
	<SubTexture name="explosion2.png" x="64" y="68" width="57" height="56"/>
	<SubTexture name="explosion3.png" x="0" y="128" width="64" height="63"/>
	<SubTexture name="explosion4.png" x="218" y="350" width="46" height="45"/>
	<SubTexture name="explosion5.png" x="64" y="124" width="53" height="52"/>
	<SubTexture name="explosionSmoke1.png" x="60" y="330" width="60" height="60"/>
	<SubTexture name="explosionSmoke2.png" x="63" y="191" width="57" height="56"/>
	<SubTexture name="explosionSmoke3.png" x="0" y="191" width="63" height="63"/>
	<SubTexture name="explosionSmoke4.png" x="172" y="350" width="46" height="45"/>
	<SubTexture name="explosionSmoke5.png" x="117" y="124" width="53" height="52"/>
	<SubTexture name="fenceRed.png" x="124" y="294" width="48" height="16"/>
	<SubTexture name="fenceYellow.png" x="120" y="228" width="52" height="16"/>
	<SubTexture name="oilSpill_large.png" x="124" y="244" width="50" height="50"/>
	<SubTexture name="oilSpill_small.png" x="296" y="22" width="14" height="14"/>
	<SubTexture name="sandbagBeige.png" x="174" y="272" width="32" height="22"/>
	<SubTexture name="sandbagBeige_open.png" x="172" y="216" width="42" height="28"/>
	<SubTexture name="sandbagBrown.png" x="296" y="0" width="32" height="22"/>
	<SubTexture name="sandbagBrown_open.png" x="174" y="244" width="42" height="28"/>
	<SubTexture name="shotLarge.png" x="324" y="334" width="20" height="25"/>
	<SubTexture name="shotOrange.png" x="342" y="234" width="16" height="28"/>
	<SubTexture name="shotRed.png" x="324" y="296" width="21" height="38"/>
	<SubTexture name="shotThin.png" x="370" y="0" width="8" height="26"/>
	<SubTexture name="specialBarrel1.png" x="325" y="128" width="14" height="22"/>
	<SubTexture name="specialBarrel1_outline.png" x="326" y="72" width="18" height="26"/>
	<SubTexture name="specialBarrel2.png" x="344" y="366" width="12" height="24"/>
	<SubTexture name="specialBarrel2_outline.png" x="342" y="262" width="16" height="28"/>
	<SubTexture name="specialBarrel3.png" x="370" y="306" width="10" height="28"/>
	<SubTexture name="specialBarrel3_outline.png" x="344" y="334" width="14" height="32"/>
	<SubTexture name="specialBarrel4.png" x="369" y="274" width="10" height="32"/>
	<SubTexture name="specialBarrel4_outline.png" x="344" y="188" width="14" height="36"/>
	<SubTexture name="specialBarrel5.png" x="358" y="188" width="12" height="26"/>
	<SubTexture name="specialBarrel5_outline.png" x="326" y="234" width="16" height="30"/>
	<SubTexture name="specialBarrel6.png" x="370" y="26" width="8" height="26"/>
	<SubTexture name="specialBarrel6_outline.png" x="346" y="0" width="12" height="30"/>
	<SubTexture name="specialBarrel7.png" x="370" y="242" width="8" height="26"/>
	<SubTexture name="specialBarrel7_outline.png" x="345" y="290" width="12" height="30"/>
	<SubTexture name="tankBlue_barrel1.png" x="358" y="90" width="12" height="26"/>
	<SubTexture name="tankBlue_barrel1_outline.png" x="326" y="264" width="16" height="30"/>
	<SubTexture name="tankBlue_barrel2.png" x="372" y="142" width="8" height="26"/>
	<SubTexture name="tankBlue_barrel2_outline.png" x="368" y="350" width="12" height="30"/>
	<SubTexture name="tankBlue_barrel3.png" x="378" y="220" width="8" height="26"/>
	<SubTexture name="tankBlue_barrel3_outline.png" x="360" y="158" width="12" height="30"/>
	<SubTexture name="tankBody_bigRed.png" x="170" y="120" width="48" height="48"/>
	<SubTexture name="tankBody_bigRed_outline.png" x="121" y="68" width="52" height="52"/>
	<SubTexture name="tankBody_blue.png" x="257" y="42" width="38" height="38"/>
	<SubTexture name="tankBody_blue_outline.png" x="216" y="0" width="42" height="42"/>
	<SubTexture name="tankBody_dark.png" x="218" y="132" width="38" height="36"/>
	<SubTexture name="tankBody_darkLarge.png" x="172" y="294" width="48" height="56"/>
	<SubTexture name="tankBody_darkLarge_outline.png" x="120" y="330" width="52" height="60"/>
	<SubTexture name="tankBody_dark_outline.png" x="216" y="168" width="42" height="40"/>
	<SubTexture name="tankBody_green.png" x="258" y="230" width="38" height="36"/>
	<SubTexture name="tankBody_green_outline.png" x="216" y="208" width="42" height="40"/>
	<SubTexture name="tankBody_huge.png" x="64" y="0" width="58" height="68"/>
	<SubTexture name="tankBody_huge_outline.png" x="0" y="254" width="62" height="72"/>
	<SubTexture name="tankBody_red.png" x="295" y="36" width="34" height="36"/>
	<SubTexture name="tankBody_red_outline.png" x="260" y="80" width="38" height="40"/>
	<SubTexture name="tankBody_sand.png" x="258" y="0" width="38" height="36"/>
	<SubTexture name="tankBody_sand_outline.png" x="218" y="92" width="42" height="40"/>
	<SubTexture name="tankDark_barrel1.png" x="344" y="70" width="12" height="26"/>
	<SubTexture name="tankDark_barrel1_outline.png" x="326" y="98" width="16" height="30"/>
	<SubTexture name="tankDark_barrel2.png" x="378" y="0" width="8" height="26"/>
	<SubTexture name="tankDark_barrel2_outline.png" x="357" y="290" width="12" height="30"/>
	<SubTexture name="tankDark_barrel3.png" x="379" y="112" width="8" height="26"/>
	<SubTexture name="tankDark_barrel3_outline.png" x="346" y="30" width="12" height="30"/>
	<SubTexture name="tankGreen_barrel1.png" x="359" y="116" width="12" height="26"/>
	<SubTexture name="tankGreen_barrel1_outline.png" x="344" y="158" width="16" height="30"/>
	<SubTexture name="tankGreen_barrel2.png" x="378" y="26" width="8" height="26"/>
	<SubTexture name="tankGreen_barrel2_outline.png" x="358" y="214" width="12" height="30"/>
	<SubTexture name="tankGreen_barrel3.png" x="378" y="86" width="8" height="26"/>
	<SubTexture name="tankGreen_barrel3_outline.png" x="358" y="30" width="12" height="30"/>
	<SubTexture name="tankRed_barrel1.png" x="368" y="60" width="12" height="26"/>
	<SubTexture name="tankRed_barrel1_outline.png" x="343" y="128" width="16" height="30"/>
	<SubTexture name="tankRed_barrel2.png" x="378" y="194" width="8" height="26"/>
	<SubTexture name="tankRed_barrel2_outline.png" x="356" y="60" width="12" height="30"/>
	<SubTexture name="tankRed_barrel3.png" x="378" y="246" width="8" height="26"/>
	<SubTexture name="tankRed_barrel3_outline.png" x="358" y="320" width="12" height="30"/>
	<SubTexture name="tankSand_barrel1.png" x="356" y="366" width="12" height="26"/>
	<SubTexture name="tankSand_barrel1_outline.png" x="342" y="98" width="16" height="30"/>
	<SubTexture name="tankSand_barrel2.png" x="378" y="168" width="8" height="26"/>
	<SubTexture name="tankSand_barrel2_outline.png" x="358" y="244" width="12" height="30"/>
	<SubTexture name="tankSand_barrel3.png" x="371" y="116" width="8" height="26"/>
	<SubTexture name="tankSand_barrel3_outline.png" x="358" y="0" width="12" height="30"/>
	<SubTexture name="tank_bigRed.png" x="120" y="176" width="52" height="52"/>
	<SubTexture name="tank_blue.png" x="173" y="60" width="42" height="46"/>
	<SubTexture name="tank_dark.png" x="174" y="0" width="42" height="46"/>
	<SubTexture name="tank_darkLarge.png" x="122" y="0" width="52" height="60"/>
	<SubTexture name="tank_green.png" x="215" y="46" width="42" height="46"/>
	<SubTexture name="tank_huge.png" x="62" y="254" width="62" height="76"/>
	<SubTexture name="tank_red.png" x="258" y="184" width="38" height="46"/>
	<SubTexture name="tank_sand.png" x="216" y="248" width="42" height="46"/>
	<SubTexture name="tracksDouble.png" x="220" y="294" width="41" height="52"/>
	<SubTexture name="tracksLarge.png" x="258" y="132" width="41" height="52"/>
	<SubTexture name="tracksSmall.png" x="261" y="266" width="37" height="52"/>
	<SubTexture name="treeBrown_large.png" x="0" y="64" width="64" height="64"/>
	<SubTexture name="treeBrown_leaf.png" x="174" y="46" width="8" height="10"/>
	<SubTexture name="treeBrown_small.png" x="264" y="354" width="36" height="36"/>
	<SubTexture name="treeBrown_twigs.png" x="299" y="128" width="26" height="22"/>
	<SubTexture name="treeGreen_large.png" x="0" y="0" width="64" height="64"/>
	<SubTexture name="treeGreen_leaf.png" x="104" y="176" width="8" height="10"/>
	<SubTexture name="treeGreen_small.png" x="264" y="318" width="36" height="36"/>
	<SubTexture name="treeGreen_twigs.png" x="298" y="296" width="26" height="22"/>
	<SubTexture name="wireCrooked.png" x="172" y="168" width="44" height="48"/>
	<SubTexture name="wireStraight.png" x="329" y="0" width="17" height="70"/>
</TextureAtlas>